{
  "items": [
    {
      "groupid": "custom",
      "urlOrPath": "",
      "remark": "Custom",
      "editAble": true,
      "groups": [
        {
          "groupid": "custom",
          "name": "🛑 malware",
          "type": "",
          "or": true,
          "rule_set_build_in": [
            "geosite:malware",
            "geoip:malware",
            "geoip:phishing",
            "geosite:phishing",
            "geosite:cryptominers"
          ]
        },
        {
          "groupid": "custom",
          "name": "🍎 Apple",
          "type": "",
          "or": true,
          "rule_set_build_in": [
            "geosite:apple",
            "geosite:apple-ads",
            "geosite:apple-dev",
            "geosite:apple-pki",
            "geosite:apple-update"
          ]
        },
        {
          "groupid": "custom",
          "name": "🐱 GitHub",
          "type": "",
          "or": true,
          "rule_set_build_in": [
            "geoip:github",
            "geosite:github"
          ]
        },
        {
          "groupid": "custom",
          "name": "☁️ parspack",
          "type": "",
          "or": true,
          "rule_set_build_in": [
            "geoip:parspack"
          ]
        },
        {
          "groupid": "custom",
          "name": "☁️ arvancloud",
          "type": "",
          "or": true,
          "rule_set_build_in": [
            "geoip:arvancloud"
          ]
        }
      ]
    }
  ],
  "rule_set_items": []
}